,A (Markov),B (Ridge),C (GBM)
A (Markov),1.0,0.6318550449265565,0.8127051859580244
B (Ridge),0.6318550449265565,1.0,0.7128366188475517
C (GBM),0.8127051859580244,0.7128366188475517,1.0
