,A (Markov),B (Ridge),C (GBM)
A (Markov),1.0,0.5649658028539849,0.7442439788544741
B (Ridge),0.5649658028539849,1.0,0.7128366188475517
C (GBM),0.7442439788544741,0.7128366188475517,1.0
