,alpha_monthly,beta,resid_std_monthly,alpha_ann,resid_std_ann,appraisal_ratio
Static FF5,,,,,,
Method A,0.00017454954793815307,0.02568620520610152,0.012154616363370353,0.002094594575257837,0.04210482617573102,0.04974713745440301
Method B,0.0007014657241007736,0.5765521137155356,0.007572423878311724,0.008417588689209284,0.02623164578736734,0.3208944172791108
Method C,0.00031757504933088346,0.16442402761946193,0.0035518550299884367,0.0038109005919706018,0.0123039867461181,0.30972892531544205
Pure ensemble,0.00013153106757689232,0.1585710865410108,0.003872300452685726,0.0015783728109227079,0.013414042252447281,0.11766571039648745
Inertia,0.00015878752466544122,0.5822120138097306,0.001775927514994221,0.0019054502959852946,0.006151993373059059,0.30972892531544055
MPSIF backtest,0.007974303887839939,0.20488886024321362,0.055914232242859435,0.09569164665407927,0.19369258222167687,0.49403877813225855
MPSIF + overlay,0.007966719057118795,0.2031505285735626,0.05600951220965878,0.09560062868542554,0.19402264170855676,0.49272923945148706
