,n_months,mean_ann,vol_ann,sharpe_ann,skew,excess_kurt,max_drawdown
Static UMD (2000+),313,0.021592332268370595,0.17501601903300654,0.12337346254172576,-1.472499516192553,9.447144227963303,-0.578176699381353
DM OOS gross,313,0.06584839101681306,0.16969297090598817,0.38804430534305284,-0.2000916011531696,4.988938418771573,-0.2731128794472294
DM OOS net,313,0.06266169928900031,0.16954264484866358,0.3695925549877621,-0.2025323101139155,4.987575665277031,-0.27407829040035436
