,n_months,mean_ann,vol_ann,sharpe_ann,skew,excess_kurt,max_drawdown
Static UMD,793,0.07471324085750314,0.14217290740820426,0.5255096925252281,-1.3193356817583477,10.0409161981655,-0.578176699381353
DM OOS (net),793,0.10477377810200877,0.14191382329081542,0.7382915608390185,-0.33925035289982775,4.41356827974845,-0.3394213808812805
Approach A (Ridge),793,0.09721489075604912,0.14038047127635328,0.6925100754553793,-0.14739653774054934,7.189104176959052,-0.31673245934049
