,n_months,mean_ann,vol_ann,sharpe_ann,skew,excess_kurt,max_drawdown
Static UMD,313,0.021592332268370595,0.17501601903300654,0.12337346254172576,-1.472499516192553,9.447144227963303,-0.578176699381353
DM OOS (net),313,0.06266169928900031,0.16954264484866358,0.3695925549877621,-0.2025323101139155,4.987575665277031,-0.27407829040035436
Approach C (HMM),313,0.03768876583689528,0.1129071431720243,0.33380320126843543,-0.6178162703523887,8.567015181649063,-0.30633314842765613
